{
  "tile_root": "assets/tiles_generated",
  "normal_root": null,
  "diffuse_path": null,
  "max_mip_level": 3,
  "collision_mip_level": 2,
  "world_scale": 2.0,
  "lod0_mesh_spacing": 1.0,
  "height_scale": 1024.0,
  "clipmap_levels": 16,
  "material_library": {
    "slots": [],
    "max_slots": 8,
    "use_macro_color_override": false
  },
  "clouds": {
    "backward_scattering_g": -0.2199999988079071,
    "cloud_ambient_color_bottom": [
      0.3199999928474426,
      0.41999998688697815,
      0.5799999833106995,
      0.0
    ],
    "cloud_ambient_color_top": [
      0.7200000286102295,
      0.800000011920929,
      0.9200000166893005,
      0.0
    ],
    "cloud_base_edge_softness": 0.10000000149011612,
    "cloud_base_scale": 1.5,
    "cloud_bottom_height": 1250.0,
    "cloud_bottom_softness": 0.25,
    "cloud_coverage": 0.6200000047683716,
    "cloud_density": 0.029999999329447746,
    "cloud_detail_scale": 42.0,
    "cloud_detail_strength": 0.27000001072883606,
    "cloud_evolution_speed": 1.0,
    "cloud_history_blend": 0.8500000238418579,
    "cloud_min_transmittance": 0.07999999821186066,
    "cloud_shadow_step_multiply": 1.2999999523162842,
    "cloud_shadow_step_size": 10.0,
    "cloud_shadow_steps": 6,
    "cloud_top_height": 2400.0,
    "cloud_view_steps": 16,
    "forward_scattering_g": 0.7200000286102295,
    "planet_radius": 6371000.0,
    "render_resolution": [
      960,
      540
    ],
    "scattering_lerp": 0.18000000715255737,
    "sun_color": [
      1.0,
      0.9599999785423279,
      0.9200000166893005,
      1.25
    ],
    "wind_velocity": [
      4.0,
      0.0,
      1.2999999523162842
    ]
  },
  "sky": {
    "hours": 10.0
  },
  "water": {
    "fft": {
      "amplitude": 12.0,
      "choppy": 0.8500000238418579,
      "enabled": true,
      "seed": 12648430,
      "size": 128,
      "strength": 1.0,
      "wind_direction": [
        1.0,
        0.4000000059604645
      ],
      "wind_speed": 12.0,
      "world_size": 1024.0
    },
    "settings": {
      "amplitude": 6.75,
      "capillary_strength": 1.0,
      "clarity": 0.9399999976158142,
      "deep_color": [
        0.03310476243495941,
        0.13998490571975708,
        0.25295013189315796
      ],
      "edge_color": [
        1.0,
        1.0,
        1.0
      ],
      "edge_scale": 0.10000000149011612,
      "foam_color": [
        1.0,
        1.0,
        1.0
      ],
      "foam_threshold": 0.699999988079071,
      "jacobian_foam_strength": 1.0,
      "macro_noise_amplitude": 0.0,
      "macro_noise_scale": 110.0,
      "refraction_strength": 15.0,
      "shallow_color": [
        0.17064493894577026,
        0.5704815983772278,
        0.620915949344635
      ],
      "shore_wave_damp_width": 3.0,
      "shoreline_foam_depth": 1.5,
      "wave_direction": [
        1.0,
        2.0
      ],
      "wave_speed": 2.3499999046325684
    }
  },
  "synthesis": {
    "enabled": true,
    "erosion_strength": 0.550000011920929,
    "gain": 0.44999998807907104,
    "lacunarity": 2.0999999046325684,
    "max_amplitude": 1.0,
    "normal_detail_strength": 2.0,
    "seed": [
      0.0,
      0.0
    ],
    "slope_mask_falloff_deg": 20.0,
    "slope_mask_threshold_deg": 40.0
  },
  "metadata": {
    "water_level": 0.35
  }
}